customer_id,Recency,Frequency,Monetary,R_Score,F_Score,M_Score,RFM_Score
C10500,16,8,718.0,3,2,2,322
C10501,5,10,917.75,5,3,3,533
C10502,14,10,1073.95,3,3,4,334
C10503,3,8,523.0,5,2,1,521
C10504,9,8,709.4,4,2,2,422
C10505,4,14,1139.64,5,5,4,554
C10506,31,3,253.35,2,1,1,211
C10507,2,11,984.05,5,4,4,544
C10508,13,13,1105.9,3,5,4,354
C10509,26,10,850.84,2,3,3,233
C10510,5,14,1129.15,5,5,4,554
C10511,19,8,731.8,3,2,2,322
C10512,3,6,463.75,5,1,1,511
C10513,7,14,1302.8,4,5,5,455
C10514,7,7,419.0,4,1,1,411
C10515,7,7,564.25,4,1,1,411
C10516,16,12,1464.05,3,4,5,345
C10517,2,9,966.75,5,2,4,524
C10518,2,8,771.06,5,2,3,523
C10519,3,10,1241.5,5,3,5,535
C10520,4,10,1287.0,5,3,5,535
C10521,13,10,808.15,3,3,3,333
C10522,29,9,821.54,2,2,3,223
C10523,2,11,1314.2,5,4,5,545
C10524,29,12,1393.2,2,4,5,245
C10525,48,7,744.35,1,1,2,112
C10526,20,15,1464.33,3,5,5,355
C10527,4,15,1344.75,5,5,5,555
C10528,24,8,637.1,2,2,2,222
C10529,7,8,562.0,4,2,1,421
C10530,9,9,986.2,4,2,4,424
C10531,6,12,881.23,5,4,3,543
C10532,2,7,467.7,5,1,1,511
C10533,31,11,1027.9,2,4,4,244
C10534,5,4,314.35,5,1,1,511
C10535,7,9,881.25,4,2,3,423
C10536,37,4,301.0,1,1,1,111
C10537,73,6,735.0,1,1,2,112
C10538,18,7,688.6,3,1,2,312
C10539,5,9,592.6,5,2,2,522
C10540,17,10,824.1,3,3,3,333
C10541,17,4,412.48,3,1,1,311
C10542,44,8,636.0,1,2,2,122
C10543,16,12,930.86,3,4,3,343
C10544,16,12,1394.15,3,4,5,345
C10545,57,9,927.62,1,2,3,123
C10546,11,6,233.0,4,1,1,411
C10547,48,9,751.06,1,2,2,122
C10548,41,12,1403.58,1,4,5,145
C10549,6,5,371.0,5,1,1,511
C10550,22,10,906.0,2,3,3,233
C10551,5,9,792.2,5,2,3,523
C10552,4,4,382.69,5,1,1,511
C10553,4,9,662.39,5,2,2,522
C10554,49,6,470.55,1,1,1,111
C10555,4,13,1943.85,5,5,5,555
C10556,8,10,1032.0,4,3,4,434
C10557,28,7,591.0,2,1,1,211
C10558,24,7,580.5,2,1,1,211
C10559,10,5,448.1,4,1,1,411
C10560,8,8,593.9,4,2,2,422
C10561,11,9,941.4000000000001,4,2,3,423
C10562,15,10,947.0,3,3,4,334
C10563,51,11,752.75,1,4,2,142
C10564,32,5,571.78,2,1,1,211
C10565,4,8,585.2,5,2,1,521
C10566,45,5,536.25,1,1,1,111
C10567,22,8,559.3,2,2,1,221
C10568,30,12,989.25,2,4,4,244
C10569,5,12,1151.85,5,4,5,545
C10570,40,10,691.75,1,3,2,132
C10571,39,12,1068.42,1,4,4,144
C10572,5,15,1397.85,5,5,5,555
C10573,13,9,805.35,3,2,3,323
C10574,31,11,885.3,2,4,3,243
C10575,4,9,1114.0,5,2,4,524
C10576,4,12,1385.8600000000001,5,4,5,545
C10577,15,8,763.75,3,2,2,322
C10578,19,8,536.85,3,2,1,321
C10579,3,14,1981.3,5,5,5,555
C10580,56,13,950.75,1,5,4,154
C10581,29,3,168.64999999999998,2,1,1,211
C10582,20,11,1245.44,3,4,5,345
C10583,8,9,920.8,4,2,3,423
C10584,3,14,1095.0,5,5,4,554
C10585,44,8,725.0,1,2,2,122
C10586,13,9,1181.5,3,2,5,325
C10587,22,10,784.2,2,3,3,233
C10588,10,13,1028.65,4,5,4,454
C10589,16,10,846.9,3,3,3,333
C10590,7,8,480.4,4,2,1,421
C10591,35,5,389.85,1,1,1,111
C10592,24,7,522.55,2,1,1,211
C10593,27,12,1133.0,2,4,4,244
C10594,33,7,792.6,2,1,3,213
C10595,35,10,802.0,1,3,3,133
C10596,2,11,1042.0,5,4,4,544
C10597,26,12,1094.45,2,4,4,244
C10598,3,8,758.4,5,2,2,522
C10599,17,16,714.65,3,5,2,352
C10600,29,10,1002.9,2,3,4,234
C10601,59,6,554.88,1,1,1,111
C10602,5,12,1098.56,5,4,4,544
C10603,6,7,567.71,5,1,1,511
C10604,2,9,889.25,5,2,3,523
C10605,22,8,707.0,2,2,2,222
C10606,5,6,704.85,5,1,2,512
C10607,35,8,628.0,1,2,2,122
C10608,12,11,725.8,3,4,2,342
C10609,7,5,405.24,4,1,1,411
C10610,16,11,1009.5,3,4,4,344
C10611,35,10,1008.6500000000001,1,3,4,134
C10612,11,11,793.86,4,4,3,443
C10613,5,9,828.75,5,2,3,523
C10614,40,9,821.22,1,2,3,123
C10615,4,15,1282.2,5,5,5,555
C10616,37,8,487.3,1,2,1,121
C10617,22,8,396.0,2,2,1,221
C10618,19,9,868.8,3,2,3,323
C10619,25,9,655.0,2,2,2,222
C10620,2,11,868.0,5,4,3,543
C10621,9,9,749.55,4,2,2,422
C10622,37,8,509.26,1,2,1,121
C10623,12,16,1610.48,3,5,5,355
C10624,10,15,2046.01,4,5,5,455
C10625,44,7,633.0,1,1,2,112
C10626,2,11,997.3,5,4,4,544
C10627,2,10,777.5,5,3,3,533
C10628,33,12,1291.48,2,4,5,245
C10629,44,10,800.0,1,3,3,133
C10630,4,10,694.25,5,3,2,532
C10631,51,8,706.45,1,2,2,122
C10632,9,13,1053.45,4,5,4,454
C10633,8,13,980.0,4,5,4,454
C10634,21,7,604.92,2,1,2,212
C10635,9,10,1055.5,4,3,4,434
C10636,21,15,1428.1,2,5,5,255
C10637,30,11,1084.25,2,4,4,244
C10638,33,10,961.25,2,3,4,234
C10639,48,6,443.35,1,1,1,111
C10640,9,6,455.95,4,1,1,411
C10641,13,15,1039.7,3,5,4,354
C10642,7,6,486.6,4,1,1,411
C10643,63,9,619.45,1,2,2,122
C10644,40,9,798.7,1,2,3,123
C10645,4,7,595.65,5,1,2,512
C10646,5,7,553.15,5,1,1,511
C10647,34,6,637.25,1,1,2,112
C10648,7,8,991.6,4,2,4,424
C10649,30,9,926.44,2,2,3,223
C10650,12,6,593.3,3,1,2,312
C10651,25,8,712.5,2,2,2,222
C10652,28,9,710.58,2,2,2,222
C10653,6,9,1021.7,5,2,4,524
C10654,6,8,726.5,5,2,2,522
C10655,9,14,1625.0,4,5,5,455
C10656,40,12,1285.6,1,4,5,145
C10657,7,13,1067.67,4,5,4,454
C10658,3,10,756.25,5,3,2,532
C10659,35,4,450.0,1,1,1,111
C10660,26,7,555.35,2,1,1,211
C10661,21,12,989.6800000000001,2,4,4,244
C10662,45,8,716.45,1,2,2,122
C10663,33,10,761.14,2,3,2,232
C10664,89,6,434.0,1,1,1,111
C10665,12,9,526.5,3,2,1,321
C10666,14,9,794.13,3,2,3,323
C10667,83,6,611.0,1,1,2,112
C10668,23,7,895.25,2,1,3,213
C10669,4,15,1582.0,5,5,5,555
C10670,6,10,892.8,5,3,3,533
C10671,4,8,900.78,5,2,3,523
C10672,10,11,1071.79,4,4,4,444
C10673,5,11,947.0,5,4,4,544
C10674,55,13,1065.75,1,5,4,154
C10675,3,10,1000.0,5,3,4,534
C10676,2,11,1070.65,5,4,4,544
C10677,8,11,1221.45,4,4,5,445
C10678,41,10,764.81,1,3,2,132
C10679,33,12,1098.3600000000001,2,4,4,244
C10680,6,11,1039.2,5,4,4,544
C10681,38,10,917.53,1,3,3,133
C10682,48,6,745.64,1,1,2,112
C10683,10,11,901.4,4,4,3,443
C10684,15,12,1300.65,3,4,5,345
C10685,20,10,752.3,3,3,2,332
C10686,73,8,628.0,1,2,2,122
C10687,16,4,226.7,3,1,1,311
C10688,13,7,435.41999999999996,3,1,1,311
C10689,7,7,988.0,4,1,4,414
C10690,8,10,940.1,4,3,3,433
C10691,12,9,914.5,3,2,3,323
C10692,35,8,603.05,1,2,2,122
C10693,20,9,716.0,3,2,2,322
C10694,36,11,1394.0,1,4,5,145
C10695,61,4,478.26,1,1,1,111
C10696,7,6,736.0,4,1,2,412
C10697,2,12,966.87,5,4,4,544
C10698,40,11,979.5,1,4,4,144
C10699,14,10,1043.5,3,3,4,334
C10700,9,10,854.25,4,3,3,433
C10701,18,10,931.75,3,3,3,333
C10702,5,6,435.1,5,1,1,511
C10703,29,8,598.2,2,2,2,222
C10704,11,7,695.45,4,1,2,412
C10705,4,11,977.05,5,4,4,544
C10706,49,5,400.0,1,1,1,111
C10707,4,8,583.95,5,2,1,521
C10708,11,9,643.0,4,2,2,422
C10709,10,16,1402.57,4,5,5,455
C10710,18,10,893.0,3,3,3,333
C10711,26,10,863.47,2,3,3,233
C10712,11,9,938.75,4,2,3,423
C10713,18,7,489.7,3,1,1,311
C10714,12,11,889.35,3,4,3,343
C10715,43,5,449.5,1,1,1,111
C10716,33,9,948.4,2,2,4,224
C10717,3,12,1200.75,5,4,5,545
C10718,2,12,1071.7,5,4,4,544
C10719,18,9,1064.0,3,2,4,324
C10720,74,7,467.75,1,1,1,111
C10721,22,8,724.75,2,2,2,222
C10722,30,7,667.75,2,1,2,212
C10723,49,12,1103.08,1,4,4,144
C10724,46,6,560.0,1,1,1,111
C10725,55,10,765.35,1,3,3,133
C10726,19,12,989.53,3,4,4,344
C10727,42,13,737.3,1,5,2,152
C10728,23,4,501.0,2,1,1,211
C10729,12,15,1385.45,3,5,5,355
C10730,40,10,873.85,1,3,3,133
C10731,5,9,828.1,5,2,3,523
C10732,2,6,606.7,5,1,2,512
C10733,32,8,615.95,2,2,2,222
C10734,4,14,1694.0,5,5,5,555
C10735,8,15,1196.25,4,5,5,455
C10736,15,10,695.25,3,3,2,332
C10737,6,10,814.7,5,3,3,533
C10738,24,8,650.0,2,2,2,222
C10739,39,12,1397.34,1,4,5,145
C10740,67,7,586.0,1,1,1,111
C10741,4,5,433.0,5,1,1,511
C10742,16,14,1296.7,3,5,5,355
C10743,25,10,701.65,2,3,2,232
C10744,8,8,542.25,4,2,1,421
C10745,5,15,1488.55,5,5,5,555
C10746,7,9,786.85,4,2,3,423
C10747,2,9,813.3,5,2,3,523
C10748,6,14,1375.0,5,5,5,555
C10749,28,12,1081.85,2,4,4,244
C10750,61,9,817.9,1,2,3,123
C10751,62,5,555.2,1,1,1,111
C10752,17,6,346.25,3,1,1,311
C10753,37,12,1277.2,1,4,5,145
C10754,20,8,523.3,3,2,1,321
C10755,17,8,703.3,3,2,2,322
C10756,9,9,654.0,4,2,2,422
C10757,4,11,921.1,5,4,3,543
C10758,4,14,1132.0,5,5,4,554
C10759,23,6,453.72,2,1,1,211
C10760,21,10,935.3199999999999,2,3,3,233
C10761,3,12,988.35,5,4,4,544
C10762,20,12,1114.05,3,4,4,344
C10763,57,5,585.0,1,1,1,111
C10764,11,14,1510.75,4,5,5,455
C10765,10,8,722.0,4,2,2,422
C10766,7,13,1240.0,4,5,5,455
C10767,64,7,709.55,1,1,2,112
C10768,6,12,1003.02,5,4,4,544
C10769,3,10,1119.1,5,3,4,534
C10770,4,13,1217.5,5,5,5,555
C10771,41,10,787.49,1,3,3,133
C10772,22,11,1175.5,2,4,5,245
C10773,19,8,684.75,3,2,2,322
C10774,19,14,1271.86,3,5,5,355
C10775,27,5,431.9,2,1,1,211
C10776,9,16,1381.85,4,5,5,455
C10777,6,11,833.75,5,4,3,543
C10778,7,8,644.1,4,2,2,422
C10779,15,5,493.6,3,1,1,311
C10780,41,7,489.2,1,1,1,111
C10781,33,10,1049.75,2,3,4,234
C10782,4,13,1324.1,5,5,5,555
C10783,8,10,733.6,4,3,2,432
C10784,22,10,1090.33,2,3,4,234
C10785,5,12,981.8,5,4,4,544
C10786,78,7,678.0,1,1,2,112
C10787,22,10,869.8,2,3,3,233
C10788,56,10,926.52,1,3,3,133
C10789,9,7,636.5,4,1,2,412
C10790,52,15,1309.8,1,5,5,155
C10791,9,10,866.35,4,3,3,433
C10792,6,14,1024.1,5,5,4,554
C10793,9,7,747.45,4,1,2,412
C10794,7,9,759.4,4,2,2,422
C10795,5,8,746.25,5,2,2,522
C10796,11,6,476.5,4,1,1,411
C10797,69,8,676.75,1,2,2,122
C10798,18,8,673.4,3,2,2,322
C10799,30,9,904.66,2,2,3,223
C10800,8,12,1667.5,4,4,5,445
C10801,20,9,924.0,3,2,3,323
C10802,16,13,1234.35,3,5,5,355
C10803,8,5,577.91,4,1,1,411
C10804,5,9,737.6,5,2,2,522
C10805,10,10,974.9,4,3,4,434
C10806,6,10,990.04,5,3,4,534
C10807,15,12,1075.04,3,4,4,344
C10808,9,10,1234.1,4,3,5,435
C10809,38,6,888.25,1,1,3,113
C10810,14,11,1096.5,3,4,4,344
C10811,12,13,1225.67,3,5,5,355
C10812,9,11,638.87,4,4,2,442
C10813,18,12,1295.75,3,4,5,345
C10814,20,7,595.0,3,1,2,312
C10815,3,10,474.25,5,3,1,531
C10816,50,10,1100.0,1,3,4,134
C10817,30,5,606.5,2,1,2,212
C10818,47,8,647.75,1,2,2,122
C10819,26,10,1015.7,2,3,4,234
C10820,4,8,897.0,5,2,3,523
C10821,3,9,956.85,5,2,4,524
C10822,14,8,643.75,3,2,2,322
C10823,21,5,570.6,2,1,1,211
C10824,17,11,1101.0,3,4,4,344
C10825,40,7,802.0,1,1,3,113
C10826,12,7,609.5,3,1,2,312
C10827,4,14,1219.85,5,5,5,555
C10828,24,9,868.25,2,2,3,223
C10829,8,14,1371.6,4,5,5,455
C10830,2,8,695.14,5,2,2,522
C10831,11,7,591.75,4,1,2,412
C10832,10,6,424.6,4,1,1,411
C10833,47,10,1209.15,1,3,5,135
C10834,2,16,1481.75,5,5,5,555
C10835,30,6,699.0,2,1,2,212
C10836,7,14,1162.84,4,5,5,455
C10837,15,6,464.5,3,1,1,311
C10838,10,12,1159.5,4,4,5,445
C10839,3,12,1016.85,5,4,4,544
C10840,9,12,1175.29,4,4,5,445
C10841,38,6,614.35,1,1,2,112
C10842,2,15,1847.0,5,5,5,555
C10843,13,13,1036.24,3,5,4,354
C10844,3,8,913.9,5,2,3,523
C10845,17,10,820.55,3,3,3,333
C10846,13,10,1020.0,3,3,4,334
C10847,25,7,602.55,2,1,2,212
C10848,17,6,518.25,3,1,1,311
C10849,44,9,665.7,1,2,2,122
C10850,32,10,815.75,2,3,3,233
C10851,11,11,991.55,4,4,4,444
C10852,16,9,963.1,3,2,4,324
C10853,6,10,887.1,5,3,3,533
C10854,6,15,1423.1,5,5,5,555
C10855,12,13,1251.75,3,5,5,355
C10856,20,4,356.0,3,1,1,311
C10857,4,6,622.8,5,1,2,512
C10858,35,5,480.6,1,1,1,111
C10859,7,7,513.5,4,1,1,411
C10860,8,13,1069.25,4,5,4,454
C10861,22,5,350.05,2,1,1,211
C10862,3,8,751.3,5,2,2,522
C10863,20,16,1529.2,3,5,5,355
C10864,26,11,907.15,2,4,3,243
C10865,11,13,1124.45,4,5,4,454
C10866,22,11,1054.0,2,4,4,244
C10867,6,14,1265.95,5,5,5,555
C10868,15,6,636.25,3,1,2,312
C10869,2,8,590.15,5,2,1,521
C10870,17,6,545.08,3,1,1,311
C10871,25,14,1274.2,2,5,5,255
C10872,10,13,1018.85,4,5,4,454
C10873,9,13,1249.95,4,5,5,455
C10874,19,12,956.22,3,4,4,344
C10875,2,9,669.8,5,2,2,522
C10876,3,15,1084.8,5,5,4,554
C10877,14,5,415.0,3,1,1,311
C10878,2,16,1266.79,5,5,5,555
C10879,3,7,515.8,5,1,1,511
C10880,3,5,430.05,5,1,1,511
C10881,2,6,533.45,5,1,1,511
C10882,51,12,1162.5,1,4,5,145
C10883,19,11,1133.48,3,4,4,344
C10884,3,9,796.54,5,2,3,523
C10885,23,9,886.0,2,2,3,223
C10886,5,8,923.22,5,2,3,523
C10887,39,11,935.43,1,4,3,143
C10888,32,8,807.5,2,2,3,223
C10889,5,7,536.0,5,1,1,511
C10890,5,11,1012.3,5,4,4,544
C10891,15,7,679.75,3,1,2,312
C10892,18,8,751.12,3,2,2,322
C10893,10,11,1204.1,4,4,5,445
C10894,28,5,488.25,2,1,1,211
C10895,8,12,890.2,4,4,3,443
C10896,18,7,854.6,3,1,3,313
C10897,45,15,1327.2,1,5,5,155
C10898,22,14,1220.6,2,5,5,255
C10899,3,7,880.64,5,1,3,513
C10900,32,8,505.0,2,2,1,221
C10901,40,8,945.7,1,2,4,124
C10902,55,9,693.2,1,2,2,122
C10903,13,7,660.0,3,1,2,312
C10904,7,12,895.93,4,4,3,443
C10905,14,10,1020.9,3,3,4,334
C10906,65,3,189.0,1,1,1,111
C10907,10,5,416.0,4,1,1,411
C10908,27,9,597.53,2,2,2,222
C10909,49,4,370.25,1,1,1,111
C10910,20,12,1189.35,3,4,5,345
C10911,36,11,1110.33,1,4,4,144
C10912,2,9,772.5,5,2,3,523
C10913,4,7,476.5,5,1,1,511
C10914,6,11,850.7,5,4,3,543
C10915,21,13,975.05,2,5,4,254
C10916,71,4,392.0,1,1,1,111
C10917,12,7,712.54,3,1,2,312
C10918,11,13,1068.0,4,5,4,454
C10919,7,8,726.4,4,2,2,422
C10920,19,13,1114.85,3,5,4,354
C10921,21,9,681.8,2,2,2,222
C10922,5,6,778.8299999999999,5,1,3,513
C10923,27,7,543.75,2,1,1,211
C10924,7,11,1142.25,4,4,4,444
C10925,16,6,468.9,3,1,1,311
C10926,8,9,908.7,4,2,3,423
C10927,34,5,239.0,1,1,1,111
C10928,8,8,918.1,4,2,3,423
C10929,6,9,909.74,5,2,3,523
C10930,18,6,511.6,3,1,1,311
C10931,35,8,701.85,1,2,2,122
C10932,13,10,895.8,3,3,3,333
C10933,2,13,1553.47,5,5,5,555
C10934,20,15,1666.9,3,5,5,355
C10935,3,8,961.5799999999999,5,2,4,524
C10936,8,8,631.68,4,2,2,422
C10937,8,10,761.9,4,3,2,432
C10938,24,5,423.6,2,1,1,211
C10939,7,4,446.75,4,1,1,411
C10940,32,7,662.25,2,1,2,212
C10941,20,16,1546.04,3,5,5,355
C10942,16,9,1006.0,3,2,4,324
C10943,15,10,885.15,3,3,3,333
C10944,5,14,1304.65,5,5,5,555
C10945,16,14,1382.2,3,5,5,355
C10946,13,14,1278.5,3,5,5,355
C10947,64,5,374.0,1,1,1,111
C10948,7,12,1149.25,4,4,5,445
C10949,48,11,986.4,1,4,4,144
C10950,3,8,522.25,5,2,1,521
C10951,4,6,541.35,5,1,1,511
C10952,15,8,1231.75,3,2,5,325
C10953,5,14,1116.75,5,5,4,554
C10954,12,16,1778.4,3,5,5,355
C10955,15,10,1200.75,3,3,5,335
C10956,23,9,646.4,2,2,2,222
C10957,14,9,1012.1899999999999,3,2,4,324
C10958,9,6,495.89,4,1,1,411
C10959,21,12,771.0,2,4,3,243
C10960,20,8,622.0,3,2,2,322
C10961,12,10,918.15,3,3,3,333
C10962,48,7,731.25,1,1,2,112
C10963,2,12,1187.65,5,4,5,545
C10964,31,8,716.5,2,2,2,222
C10965,14,8,680.1,3,2,2,322
C10966,34,7,708.0,1,1,2,112
C10967,11,8,603.7,4,2,2,422
C10968,12,14,1335.45,3,5,5,355
C10969,13,12,1426.65,3,4,5,345
C10970,35,8,980.48,1,2,4,124
C10971,26,6,560.0,2,1,1,211
C10972,34,9,854.0,1,2,3,123
C10973,7,5,408.25,4,1,1,411
C10974,19,6,386.0,3,1,1,311
C10975,8,13,1623.3,4,5,5,455
C10976,29,5,452.75,2,1,1,211
C10977,12,12,1072.8,3,4,4,344
C10978,28,15,1597.5,2,5,5,255
C10979,15,8,715.1,3,2,2,322
C10980,29,13,1364.3,2,5,5,255
C10981,60,6,532.0,1,1,1,111
C10982,37,9,884.21,1,2,3,123
C10983,15,9,808.25,3,2,3,323
C10984,35,5,506.75,1,1,1,111
C10985,37,6,668.5,1,1,2,112
C10986,10,14,1387.0,4,5,5,455
C10987,44,7,728.69,1,1,2,112
C10988,44,7,721.7,1,1,2,112
C10989,9,12,1206.6,4,4,5,445
C10990,4,8,806.35,5,2,3,523
C10991,17,6,637.25,3,1,2,312
C10992,27,6,373.19,2,1,1,211
C10993,8,6,598.75,4,1,2,412
C10994,8,7,752.76,4,1,2,412
C10995,6,7,710.0,5,1,2,512
C10996,15,11,1329.9,3,4,5,345
C10997,34,15,1128.0,1,5,4,154
C10998,16,10,1154.5,3,3,5,335
C10999,41,9,930.85,1,2,3,123
C11000,20,10,757.0,3,3,2,332
C11001,10,11,1102.35,4,4,4,444
C11002,12,8,813.25,3,2,3,323
C11003,13,10,930.58,3,3,3,333
C11004,8,9,898.75,4,2,3,423
C11005,33,12,958.6,2,4,4,244
C11006,10,9,754.5,4,2,2,422
C11007,19,12,1112.9,3,4,4,344
C11008,24,13,1323.65,2,5,5,255
C11009,3,13,1318.1,5,5,5,555
C11010,13,15,1247.25,3,5,5,355
C11011,22,14,1226.0,2,5,5,255
C11012,11,12,1119.47,4,4,4,444
C11013,5,7,352.71000000000004,5,1,1,511
C11014,2,14,1179.6,5,5,5,555
C11015,25,9,865.54,2,2,3,223
C11016,26,13,1076.25,2,5,4,254
C11017,3,7,755.25,5,1,2,512
C11018,16,11,1187.05,3,4,5,345
C11019,8,9,504.8,4,2,1,421
C11020,43,6,591.0,1,1,1,111
C11021,11,11,1114.7,4,4,4,444
C11022,15,7,787.1,3,1,3,313
C11023,7,9,885.55,4,2,3,423
C11024,8,11,968.94,4,4,4,444
C11025,20,12,1229.0,3,4,5,345
C11026,22,7,511.0,2,1,1,211
C11027,9,6,510.2,4,1,1,411
C11028,21,11,1130.1,2,4,4,244
C11029,46,11,1097.5,1,4,4,144
C11030,20,10,853.1,3,3,3,333
C11031,29,7,507.15999999999997,2,1,1,211
C11032,30,8,847.63,2,2,3,223
C11033,9,14,1109.45,4,5,4,454
C11034,11,13,1265.18,4,5,5,455
C11035,4,16,1731.8,5,5,5,555
C11036,20,8,595.85,3,2,2,322
C11037,3,10,799.73,5,3,3,533
C11038,14,8,605.45,3,2,2,322
C11039,48,9,870.5,1,2,3,123
C11040,53,5,380.8,1,1,1,111
C11041,11,13,1435.9,4,5,5,455
C11042,50,7,1090.5,1,1,4,114
C11043,34,12,1163.34,1,4,5,145
C11044,3,8,814.65,5,2,3,523
C11045,10,9,795.0,4,2,3,423
C11046,24,12,1129.01,2,4,4,244
C11047,25,10,766.46,2,3,3,233
C11048,15,6,590.85,3,1,1,311
C11049,10,9,832.93,4,2,3,423
C11050,4,9,875.75,5,2,3,523
C11051,5,13,1071.6,5,5,4,554
C11052,13,8,823.96,3,2,3,323
C11053,53,9,803.6,1,2,3,123
C11054,25,8,686.05,2,2,2,222
C11055,5,10,984.0,5,3,4,534
C11056,10,12,984.0,4,4,4,444
C11057,25,7,609.2,2,1,2,212
C11058,32,16,1189.5,2,5,5,255
C11059,6,9,737.0,5,2,2,522
C11060,2,16,1388.75,5,5,5,555
C11061,13,6,565.25,3,1,1,311
C11062,38,9,862.56,1,2,3,123
C11063,15,13,1192.25,3,5,5,355
C11064,33,12,1071.6,2,4,4,244
C11065,14,7,696.6,3,1,2,312
C11066,34,11,1113.0,1,4,4,144
C11067,25,14,1355.25,2,5,5,255
C11068,6,8,617.0,5,2,2,522
C11069,9,9,721.21,4,2,2,422
C11070,9,8,805.8,4,2,3,423
C11071,27,9,1040.18,2,2,4,224
C11072,36,8,443.5,1,2,1,121
C11073,13,9,868.75,3,2,3,323
C11074,10,5,682.8,4,1,2,412
C11075,2,12,1130.19,5,4,4,544
C11076,76,8,866.8,1,2,3,123
C11077,3,9,808.9,5,2,3,523
C11078,3,15,1314.6,5,5,5,555
C11079,3,11,749.9,5,4,2,542
C11080,14,9,789.92,3,2,3,323
C11081,14,8,629.9300000000001,3,2,2,322
C11082,39,5,550.25,1,1,1,111
C11083,2,12,1406.85,5,4,5,545
C11084,3,11,715.4,5,4,2,542
C11085,68,5,383.4,1,1,1,111
C11086,23,6,607.75,2,1,2,212
C11087,17,7,594.19,3,1,2,312
C11088,5,7,506.25,5,1,1,511
C11089,20,11,997.55,3,4,4,344
C11090,3,15,1410.91,5,5,5,555
C11091,5,7,626.8,5,1,2,512
C11092,31,8,411.25,2,2,1,221
C11093,27,14,1250.2,2,5,5,255
C11094,15,10,862.5,3,3,3,333
C11095,2,8,776.48,5,2,3,523
C11096,23,11,1011.4,2,4,4,244
C11097,3,7,543.31,5,1,1,511
C11098,18,5,445.0,3,1,1,311
C11099,2,10,930.5,5,3,3,533
C11100,11,10,789.0,4,3,3,433
C11101,6,10,785.15,5,3,3,533
C11102,20,11,1044.75,3,4,4,344
C11103,9,12,1339.94,4,4,5,445
C11104,9,5,415.0,4,1,1,411
C11105,9,6,638.76,4,1,2,412
C11106,60,4,319.0,1,1,1,111
C11107,10,8,1013.5,4,2,4,424
C11108,2,15,1016.95,5,5,4,554
C11109,3,5,414.7,5,1,1,511
C11110,21,6,534.25,2,1,1,211
C11111,23,12,1190.15,2,4,5,245
C11112,57,6,404.8,1,1,1,111
C11113,32,8,946.0,2,2,4,224
C11114,50,9,913.6,1,2,3,123
C11115,5,5,697.4,5,1,2,512
C11116,34,10,970.75,1,3,4,134
C11117,22,7,560.5,2,1,1,211
C11118,7,11,932.1,4,4,3,443
C11119,7,8,673.5,4,2,2,422
C11120,26,11,908.75,2,4,3,243
C11121,28,10,942.85,2,3,4,234
C11122,38,10,734.5,1,3,2,132
C11123,20,8,550.0,3,2,1,321
C11124,7,10,767.1,4,3,3,433
C11125,11,13,1116.4,4,5,4,454
C11126,51,9,985.9,1,2,4,124
C11127,16,7,550.25,3,1,1,311
C11128,44,7,570.05,1,1,1,111
C11129,48,10,1061.2,1,3,4,134
C11130,53,13,1808.7,1,5,5,155
C11131,36,13,1184.8,1,5,5,155
C11132,115,5,519.8,1,1,1,111
C11133,28,13,1381.25,2,5,5,255
C11134,2,6,537.0,5,1,1,511
C11135,4,7,704.2,5,1,2,512
C11136,20,11,789.18,3,4,3,343
C11137,14,10,680.21,3,3,2,332
C11138,5,7,711.5,5,1,2,512
C11139,55,13,1068.32,1,5,4,154
C11140,18,7,691.35,3,1,2,312
C11141,12,13,995.87,3,5,4,354
C11142,2,9,1107.0,5,2,4,524
C11143,3,13,1146.0,5,5,4,554
C11144,6,10,896.55,5,3,3,533
C11145,18,10,1102.6399999999999,3,3,4,334
C11146,2,12,827.5,5,4,3,543
C11147,30,5,393.0,2,1,1,211
C11148,35,8,667.1,1,2,2,122
C11149,4,5,481.72,5,1,1,511
C11150,19,11,1193.46,3,4,5,345
C11151,37,12,1394.0,1,4,5,145
C11152,33,8,659.19,2,2,2,222
C11153,36,7,589.25,1,1,1,111
C11154,12,9,643.25,3,2,2,322
C11155,8,7,807.25,4,1,3,413
C11156,23,9,783.0,2,2,3,223
C11157,13,7,815.5,3,1,3,313
C11158,14,7,666.15,3,1,2,312
C11159,6,10,1060.0,5,3,4,534
C11160,27,7,716.65,2,1,2,212
C11161,20,7,660.4,3,1,2,312
C11162,12,12,1156.5,3,4,5,345
C11163,5,8,712.8,5,2,2,522
C11164,32,12,1274.1,2,4,5,245
C11165,46,7,735.54,1,1,2,112
C11166,6,7,603.85,5,1,2,512
C11167,5,15,1525.6399999999999,5,5,5,555
C11168,19,12,988.92,3,4,4,344
C11169,33,11,943.05,2,4,4,244
C11170,8,11,1361.6,4,4,5,445
C11171,13,14,1357.05,3,5,5,355
C11172,15,7,655.7,3,1,2,312
C11173,3,7,597.8,5,1,2,512
C11174,28,10,969.03,2,3,4,234
C11175,2,8,1146.5,5,2,4,524
C11176,28,11,747.8,2,4,2,242
C11177,18,10,895.05,3,3,3,333
C11178,52,6,369.25,1,1,1,111
C11179,68,5,421.65,1,1,1,111
C11180,6,9,916.0,5,2,3,523
C11181,20,6,473.3,3,1,1,311
C11182,2,9,766.0,5,2,3,523
C11183,32,9,662.94,2,2,2,222
C11184,25,11,902.75,2,4,3,243
C11185,20,6,401.0,3,1,1,311
C11186,9,11,1016.75,4,4,4,444
C11187,42,6,484.8,1,1,1,111
C11188,63,6,734.8,1,1,2,112
C11189,22,12,1056.35,2,4,4,244
C11190,11,11,1175.75,4,4,5,445
C11191,20,10,806.7,3,3,3,333
C11192,107,6,687.05,1,1,2,112
C11193,11,7,754.5,4,1,2,412
C11194,3,10,1011.41,5,3,4,534
C11195,64,5,711.85,1,1,2,112
C11196,15,9,822.75,3,2,3,323
C11197,14,11,933.7,3,4,3,343
C11198,2,11,1113.8,5,4,4,544
C11199,23,13,1434.68,2,5,5,255
C11200,5,6,509.45,5,1,1,511
C11201,25,7,499.4,2,1,1,211
C11202,8,9,692.3,4,2,2,422
C11203,10,12,984.35,4,4,4,444
C11204,5,9,1004.5,5,2,4,524
C11205,31,6,415.5,2,1,1,211
C11206,8,8,775.75,4,2,3,423
C11207,5,4,234.0,5,1,1,511
C11208,15,4,435.0,3,1,1,311
C11209,2,13,1280.3,5,5,5,555
C11210,15,15,1563.0,3,5,5,355
C11211,23,6,560.45,2,1,1,211
C11212,27,11,796.58,2,4,3,243
C11213,73,4,380.75,1,1,1,111
C11214,36,4,380.64,1,1,1,111
C11215,18,5,376.7,3,1,1,311
C11216,4,7,499.6,5,1,1,511
C11217,44,11,1087.33,1,4,4,144
C11218,22,13,1476.4,2,5,5,255
C11219,9,14,1579.45,4,5,5,455
C11220,15,14,1366.45,3,5,5,355
C11221,3,9,957.85,5,2,4,524
C11222,15,13,1513.85,3,5,5,355
C11223,22,16,1372.1,2,5,5,255
C11224,12,12,1436.99,3,4,5,345
C11225,20,12,1153.86,3,4,5,345
C11226,16,7,625.8,3,1,2,312
C11227,12,12,918.97,3,4,3,343
C11228,5,9,715.8,5,2,2,522
C11229,30,14,1304.31,2,5,5,255
C11230,7,6,525.4,4,1,1,411
C11231,8,13,1439.29,4,5,5,455
C11232,18,8,621.7,3,2,2,322
C11233,22,6,535.8,2,1,1,211
C11234,29,6,642.55,2,1,2,212
C11235,22,14,1354.65,2,5,5,255
C11236,3,11,1041.0,5,4,4,544
C11237,2,11,1133.36,5,4,4,544
C11238,6,10,1120.6,5,3,4,534
C11239,9,10,841.45,4,3,3,433
C11240,30,9,887.9,2,2,3,223
C11241,22,11,919.05,2,4,3,243
C11242,32,5,449.46,2,1,1,211
C11243,20,10,1215.3,3,3,5,335
C11244,8,10,839.2,4,3,3,433
C11245,59,7,577.8,1,1,1,111
C11246,11,7,938.8,4,1,3,413
C11247,95,4,349.85,1,1,1,111
C11248,39,4,308.75,1,1,1,111
C11249,8,9,636.2,4,2,2,422
C11250,22,6,659.75,2,1,2,212
C11251,18,5,453.2,3,1,1,311
C11252,27,4,336.0,2,1,1,211
C11253,35,7,729.85,1,1,2,112
C11254,64,5,472.86,1,1,1,111
C11255,9,13,1269.0,4,5,5,455
C11256,20,5,471.75,3,1,1,311
C11257,11,10,872.0,4,3,3,433
C11258,33,11,1027.05,2,4,4,244
C11259,3,13,1428.94,5,5,5,555
C11260,10,7,563.08,4,1,1,411
C11261,4,10,896.89,5,3,3,533
C11262,45,4,356.25,1,1,1,111
C11263,10,10,843.16,4,3,3,433
C11264,11,12,1048.1,4,4,4,444
C11265,21,7,485.5,2,1,1,211
C11266,21,12,1343.26,2,4,5,245
C11267,21,10,864.49,2,3,3,233
C11268,3,10,1045.0,5,3,4,534
C11269,17,9,787.34,3,2,3,323
C11270,4,14,1373.37,5,5,5,555
C11271,24,5,368.2,2,1,1,211
C11272,23,10,1026.0,2,3,4,234
C11273,10,9,701.35,4,2,2,422
C11274,12,9,502.0,3,2,1,321
C11275,63,10,1085.1,1,3,4,134
C11276,101,3,178.05,1,1,1,111
C11277,18,6,399.05,3,1,1,311
C11278,8,14,1435.5,4,5,5,455
C11279,5,10,943.85,5,3,4,534
C11280,35,10,1066.25,1,3,4,134
C11281,49,9,942.52,1,2,3,123
C11282,11,10,815.26,4,3,3,433
C11283,19,9,1088.34,3,2,4,324
C11284,10,6,396.36,4,1,1,411
C11285,5,15,1465.82,5,5,5,555
C11286,23,10,738.16,2,3,2,232
C11287,5,13,1285.15,5,5,5,555
C11288,11,13,1248.6100000000001,4,5,5,455
C11289,6,9,662.54,5,2,2,522
C11290,21,6,622.0,2,1,2,212
C11291,68,10,941.45,1,3,3,133
C11292,33,9,805.0,2,2,3,223
C11293,20,5,449.0,3,1,1,311
C11294,33,8,695.0,2,2,2,222
C11295,26,7,791.04,2,1,3,213
C11296,25,12,1218.84,2,4,5,245
C11297,26,9,1295.28,2,2,5,225
C11298,2,8,847.65,5,2,3,523
C11299,14,13,1529.25,3,5,5,355
C11300,5,10,850.8,5,3,3,533
C11301,41,7,795.8,1,1,3,113
C11302,4,12,1162.65,5,4,5,545
C11303,2,11,1097.6,5,4,4,544
C11304,8,9,1107.36,4,2,4,424
C11305,12,8,932.0,3,2,3,323
C11306,27,13,1501.55,2,5,5,255
C11307,22,16,1444.9,2,5,5,255
C11308,12,11,1096.0,3,4,4,344
C11309,11,9,735.56,4,2,2,422
C11310,34,9,700.75,1,2,2,122
C11311,9,11,993.0,4,4,4,444
C11312,64,6,477.5,1,1,1,111
C11313,13,8,640.0,3,2,2,322
C11314,13,6,621.0,3,1,2,312
C11315,49,3,261.1,1,1,1,111
C11316,20,9,701.0,3,2,2,322
C11317,36,13,1258.65,1,5,5,155
C11318,4,11,740.9,5,4,2,542
C11319,21,15,1631.26,2,5,5,255
C11320,33,8,736.9,2,2,2,222
C11321,5,7,571.26,5,1,1,511
C11322,38,13,1189.47,1,5,5,155
C11323,34,13,1055.25,1,5,4,154
C11324,8,15,1611.75,4,5,5,455
C11325,15,11,828.0,3,4,3,343
C11326,47,9,779.0,1,2,3,123
C11327,9,14,1105.0,4,5,4,454
C11328,4,14,1340.79,5,5,5,555
C11329,11,9,943.5,4,2,4,424
C11330,33,12,1387.98,2,4,5,245
C11331,11,13,904.3,4,5,3,453
C11332,60,5,513.7,1,1,1,111
C11333,52,6,437.20000000000005,1,1,1,111
C11334,7,7,696.0,4,1,2,412
C11335,12,7,676.0,3,1,2,312
C11336,12,13,1137.02,3,5,4,354
C11337,61,11,1015.85,1,4,4,144
C11338,35,9,1000.03,1,2,4,124
C11339,45,9,1225.7,1,2,5,125
C11340,10,16,1400.56,4,5,5,455
C11341,9,10,800.6,4,3,3,433
C11342,70,4,314.5,1,1,1,111
C11343,12,12,1164.7,3,4,5,345
C11344,3,13,1452.8,5,5,5,555
C11345,4,9,851.76,5,2,3,523
C11346,8,9,643.4,4,2,2,422
C11347,34,9,778.24,1,2,3,123
C11348,6,10,887.69,5,3,3,533
C11349,35,16,1668.05,1,5,5,155
C11350,2,12,883.38,5,4,3,543
C11351,15,9,982.4,3,2,4,324
C11352,4,13,1483.79,5,5,5,555
C11353,7,10,879.25,4,3,3,433
C11354,63,7,657.86,1,1,2,112
C11355,75,10,693.25,1,3,2,132
C11356,77,8,516.5,1,2,1,121
C11357,7,6,463.5,4,1,1,411
C11358,27,8,958.83,2,2,4,224
C11359,53,4,199.0,1,1,1,111
C11360,16,9,805.14,3,2,3,323
C11361,34,7,627.54,1,1,2,112
C11362,4,9,857.8,5,2,3,523
C11363,5,14,1050.0,5,5,4,554
C11364,10,13,1257.45,4,5,5,455
C11365,58,13,1038.17,1,5,4,154
C11366,11,12,1191.75,4,4,5,445
C11367,43,10,1013.25,1,3,4,134
C11368,6,11,1164.0,5,4,5,545
C11369,4,15,1210.2,5,5,5,555
C11370,29,10,810.6,2,3,3,233
C11371,8,10,980.0,4,3,4,434
C11372,7,6,592.35,4,1,2,412
C11373,39,8,777.0,1,2,3,123
C11374,11,10,632.95,4,3,2,432
C11375,3,15,1652.18,5,5,5,555
C11376,5,11,957.5,5,4,4,544
C11377,19,9,884.2,3,2,3,323
C11378,3,14,1155.4,5,5,5,555
C11379,22,9,1109.5,2,2,4,224
C11380,2,14,1680.9,5,5,5,555
C11381,28,4,530.62,2,1,1,211
C11382,27,9,719.0,2,2,2,222
C11383,52,8,730.4,1,2,2,122
C11384,5,11,806.19,5,4,3,543
C11385,5,14,1429.25,5,5,5,555
C11386,25,12,1088.84,2,4,4,244
C11387,18,13,1099.8,3,5,4,354
C11388,58,5,398.25,1,1,1,111
C11389,14,15,1369.75,3,5,5,355
C11390,17,9,724.72,3,2,2,322
C11391,22,11,1008.0,2,4,4,244
C11392,18,9,781.05,3,2,3,323
C11393,29,7,716.5,2,1,2,212
C11394,43,4,456.7,1,1,1,111
C11395,13,14,1321.65,3,5,5,355
C11396,24,7,552.35,2,1,1,211
C11397,22,8,779.5,2,2,3,223
C11398,9,11,1056.7,4,4,4,444
C11399,25,10,1226.76,2,3,5,235
C11400,21,13,1063.51,2,5,4,254
C11401,5,6,439.25,5,1,1,511
C11402,11,10,1027.3899999999999,4,3,4,434
C11403,9,10,1241.8600000000001,4,3,5,435
C11404,16,10,898.75,3,3,3,333
C11405,77,5,510.0,1,1,1,111
C11406,21,6,468.2,2,1,1,211
C11407,26,11,1101.18,2,4,4,244
C11408,41,7,746.85,1,1,2,112
C11409,8,14,865.8,4,5,3,453
C11410,54,11,1064.45,1,4,4,144
C11411,10,6,548.5,4,1,1,411
C11412,11,8,716.35,4,2,2,422
C11413,12,13,1506.0,3,5,5,355
C11414,13,9,686.0,3,2,2,322
C11415,7,14,1031.4,4,5,4,454
C11416,13,8,687.0,3,2,2,322
C11417,34,12,905.95,1,4,3,143
C11418,33,4,343.3,2,1,1,211
C11419,11,8,691.94,4,2,2,422
C11420,33,7,647.0,2,1,2,212
C11421,17,9,924.7,3,2,3,323
C11422,7,7,664.4,4,1,2,412
C11423,31,9,816.25,2,2,3,223
C11424,22,7,675.15,2,1,2,212
C11425,72,6,570.26,1,1,1,111
C11426,18,9,1040.14,3,2,4,324
C11427,10,11,1133.35,4,4,4,444
C11428,28,10,898.38,2,3,3,233
C11429,7,14,1281.1,4,5,5,455
C11430,81,6,418.04,1,1,1,111
C11431,16,6,572.0,3,1,1,311
C11432,20,9,943.56,3,2,4,324
C11433,17,11,1298.6,3,4,5,345
C11434,37,8,648.0,1,2,2,122
C11435,10,10,1156.8,4,3,5,435
C11436,12,10,1053.85,3,3,4,334
C11437,12,15,1121.0,3,5,4,354
C11438,17,7,589.64,3,1,1,311
C11439,18,9,624.76,3,2,2,322
C11440,8,10,686.0,4,3,2,432
C11441,51,9,721.35,1,2,2,122
C11442,17,12,948.75,3,4,4,344
C11443,7,11,420.0,4,4,1,441
C11444,10,6,663.5,4,1,2,412
C11445,4,15,1300.8,5,5,5,555
C11446,31,7,821.5,2,1,3,213
C11447,28,16,1795.7,2,5,5,255
C11448,8,9,832.25,4,2,3,423
C11449,87,5,427.5,1,1,1,111
C11450,12,10,1049.68,3,3,4,334
C11451,11,13,1260.75,4,5,5,455
C11452,54,9,770.06,1,2,3,123
C11453,3,16,1461.0,5,5,5,555
C11454,3,10,775.6,5,3,3,533
C11455,5,10,952.7,5,3,4,534
C11456,5,9,874.46,5,2,3,523
C11457,9,11,933.85,4,4,3,443
C11458,20,10,913.5,3,3,3,333
C11459,5,11,1095.1,5,4,4,544
C11460,8,5,451.1,4,1,1,411
C11461,3,15,1393.4,5,5,5,555
C11462,18,10,919.75,3,3,3,333
C11463,9,7,726.0,4,1,2,412
C11464,10,7,552.0,4,1,1,411
C11465,24,7,565.0,2,1,1,211
C11466,5,11,1221.6,5,4,5,545
C11467,27,11,916.7,2,4,3,243
C11468,11,15,1293.05,4,5,5,455
C11469,8,11,1038.6,4,4,4,444
C11470,22,8,691.3,2,2,2,222
C11471,5,12,1017.6,5,4,4,544
C11472,6,8,759.65,5,2,2,522
C11473,9,6,636.7,4,1,2,412
C11474,3,12,1263.15,5,4,5,545
C11475,58,3,257.0,1,1,1,111
C11476,14,15,1256.8,3,5,5,355
C11477,41,5,519.5,1,1,1,111
C11478,14,9,596.0,3,2,2,322
C11479,3,5,495.9,5,1,1,511
C11480,12,11,1164.8,3,4,5,345
C11481,10,12,1319.55,4,4,5,445
C11482,19,12,1297.3,3,4,5,345
C11483,12,12,1101.27,3,4,4,344
C11484,17,10,1149.94,3,3,5,335
C11485,15,5,413.53999999999996,3,1,1,311
C11486,14,7,634.85,3,1,2,312
C11487,12,11,1192.9,3,4,5,345
C11488,11,7,812.72,4,1,3,413
C11489,9,9,960.1,4,2,4,424
C11490,8,13,1017.52,4,5,4,454
C11491,36,7,652.1,1,1,2,112
C11492,2,10,1044.25,5,3,4,534
C11493,21,14,1232.01,2,5,5,255
C11494,16,15,1575.0,3,5,5,355
C11495,24,11,1009.55,2,4,4,244
C11496,89,6,479.43,1,1,1,111
C11497,8,8,1007.6,4,2,4,424
C11498,20,10,902.2,3,3,3,333
C11499,6,11,1082.35,5,4,4,544
C11500,19,10,809.75,3,3,3,333
C11501,8,9,782.88,4,2,3,423
C11502,43,6,733.0,1,1,2,112
C11503,53,10,904.8499999999999,1,3,3,133
C11504,79,4,338.3,1,1,1,111
C11505,9,12,1671.15,4,4,5,445
C11506,8,7,548.8,4,1,1,411
C11507,8,11,1164.85,4,4,5,445
C11508,33,13,1030.0,2,5,4,254
C11509,38,7,390.55,1,1,1,111
C11510,36,10,699.4,1,3,2,132
C11511,6,4,307.0,5,1,1,511
C11512,4,10,1090.0,5,3,4,534
C11513,47,5,660.0,1,1,2,112
C11514,34,8,909.0,1,2,3,123
C11515,16,12,992.25,3,4,4,344
C11516,63,9,1047.6,1,2,4,124
C11517,11,10,1030.47,4,3,4,434
C11518,17,9,771.45,3,2,3,323
C11519,10,9,974.51,4,2,4,424
C11520,18,13,1162.8,3,5,5,355
C11521,70,7,564.8,1,1,1,111
C11522,2,9,988.0,5,2,4,524
C11523,19,15,1641.45,3,5,5,355
C11524,104,7,586.0,1,1,1,111
C11525,18,8,646.15,3,2,2,322
C11526,11,12,1512.05,4,4,5,445
C11527,5,10,947.14,5,3,4,534
C11528,5,15,1576.04,5,5,5,555
C11529,2,8,701.05,5,2,2,522
C11530,31,8,864.64,2,2,3,223
C11531,7,11,936.9,4,4,3,443
C11532,24,15,1383.25,2,5,5,255
C11533,42,11,1067.23,1,4,4,144
C11534,2,7,712.25,5,1,2,512
C11535,40,10,921.46,1,3,3,133
C11536,29,15,1162.61,2,5,5,255
C11537,3,9,938.9,5,2,3,523
C11538,15,13,1417.03,3,5,5,355
C11539,6,12,1092.2,5,4,4,544
C11540,24,6,247.0,2,1,1,211
C11541,17,10,821.12,3,3,3,333
C11542,7,16,632.0,4,5,2,452
C11543,22,6,600.15,2,1,2,212
C11544,26,5,526.35,2,1,1,211
C11545,73,6,513.7,1,1,1,111
C11546,2,8,893.8,5,2,3,523
C11547,35,4,260.55,1,1,1,111
C11548,4,8,941.5,5,2,3,523
C11549,11,10,897.4,4,3,3,433
C11550,2,5,405.25,5,1,1,511
C11551,35,6,592.22,1,1,2,112
C11552,35,9,771.14,1,2,3,123
C11553,17,14,1469.1,3,5,5,355
C11554,43,10,775.75,1,3,3,133
C11555,3,8,732.85,5,2,2,522
C11556,26,12,1139.2,2,4,4,244
C11557,51,13,1030.5,1,5,4,154
C11558,36,12,1202.08,1,4,5,145
C11559,9,11,1020.6999999999999,4,4,4,444
C11560,9,8,434.04,4,2,1,421
C11561,5,10,883.75,5,3,3,533
C11562,14,15,819.0,3,5,3,353
C11563,7,11,1102.0,4,4,4,444
C11564,7,9,813.7,4,2,3,423
C11565,16,12,1298.75,3,4,5,345
C11566,10,11,740.2,4,4,2,442
C11567,35,15,1555.79,1,5,5,155
C11568,30,5,391.5,2,1,1,211
C11569,5,8,572.1,5,2,1,521
C11570,10,16,856.0,4,5,3,453
C11571,10,9,773.25,4,2,3,423
C11572,3,9,805.29,5,2,3,523
C11573,28,8,522.3,2,2,1,221
C11574,36,5,473.25,1,1,1,111
C11575,4,11,1029.4,5,4,4,544
C11576,14,9,636.04,3,2,2,322
C11577,7,12,910.1,4,4,3,443
C11578,8,13,533.5,4,5,1,451
C11579,19,16,1282.5,3,5,5,355
C11580,5,6,481.54,5,1,1,511
C11581,14,12,1374.47,3,4,5,345
C11582,23,6,541.05,2,1,1,211
C11583,4,12,1458.15,5,4,5,545
C11584,45,8,504.25,1,2,1,121
C11585,31,12,1579.95,2,4,5,245
C11586,5,12,1314.5,5,4,5,545
C11587,22,5,567.0,2,1,1,211
C11588,9,7,935.25,4,1,3,413
C11589,23,10,861.65,2,3,3,233
C11590,56,6,786.4,1,1,3,113
C11591,22,8,661.16,2,2,2,222
C11592,2,10,1087.25,5,3,4,534
C11593,4,8,613.3,5,2,2,522
C11594,13,9,1032.7,3,2,4,324
C11595,16,13,1126.75,3,5,4,354
C11596,20,10,803.2,3,3,3,333
C11597,27,7,800.4,2,1,3,213
C11598,23,10,818.95,2,3,3,233
C11599,18,13,848.85,3,5,3,353
C11600,6,5,503.45,5,1,1,511
C11601,5,15,1212.9,5,5,5,555
C11602,2,14,1351.0,5,5,5,555
C11603,22,9,1103.1,2,2,4,224
C11604,26,5,475.35,2,1,1,211
C11605,6,15,1140.3,5,5,4,554
C11606,7,7,619.8,4,1,2,412
C11607,10,15,1338.85,4,5,5,455
C11608,16,5,435.75,3,1,1,311
C11609,46,8,756.05,1,2,2,122
C11610,86,3,245.0,1,1,1,111
C11611,3,12,1044.75,5,4,4,544
C11612,52,15,1674.05,1,5,5,155
C11613,9,11,881.15,4,4,3,443
C11614,40,4,333.8,1,1,1,111
C11615,4,7,753.25,5,1,2,512
C11616,5,7,541.93,5,1,1,511
C11617,6,6,488.99,5,1,1,511
C11618,42,9,687.3,1,2,2,122
C11619,6,11,1149.6,5,4,5,545
C11620,2,16,1569.0,5,5,5,555
C11621,25,8,599.1,2,2,2,222
C11622,103,8,785.36,1,2,3,123
C11623,25,10,1095.62,2,3,4,234
C11624,35,6,477.8,1,1,1,111
C11625,18,9,745.25,3,2,2,322
C11626,6,8,570.3,5,2,1,521
C11627,21,8,756.55,2,2,2,222
C11628,9,8,855.5,4,2,3,423
C11629,21,7,663.85,2,1,2,212
C11630,33,9,1027.6,2,2,4,224
C11631,71,9,836.1,1,2,3,123
C11632,15,10,1067.91,3,3,4,334
C11633,22,6,570.02,2,1,1,211
C11634,21,10,909.0,2,3,3,233
C11635,11,16,1350.0,4,5,5,455
C11636,3,16,1347.8,5,5,5,555
C11637,16,11,1242.1,3,4,5,345
C11638,20,7,489.0,3,1,1,311
C11639,56,5,470.53999999999996,1,1,1,111
C11640,17,12,1135.55,3,4,4,344
C11641,16,12,1138.7,3,4,4,344
C11642,10,6,650.25,4,1,2,412
C11643,54,7,655.35,1,1,2,112
C11644,2,8,776.4,5,2,3,523
C11645,14,9,1089.9,3,2,4,324
C11646,4,7,948.48,5,1,4,514
C11647,16,10,907.4,3,3,3,333
C11648,5,11,1128.8,5,4,4,544
C11649,9,10,1314.0,4,3,5,435
C11650,7,8,767.65,4,2,3,423
C11651,22,14,1366.25,2,5,5,255
C11652,24,10,1300.75,2,3,5,235
C11653,15,9,660.65,3,2,2,322
C11654,20,14,720.0,3,5,2,352
C11655,22,13,1103.75,2,5,4,254
C11656,15,10,1148.0,3,3,5,335
C11657,18,7,477.0,3,1,1,311
C11658,7,12,1247.55,4,4,5,445
C11659,14,6,570.4300000000001,3,1,1,311
C11660,26,12,1236.9,2,4,5,245
C11661,3,16,1491.84,5,5,5,555
C11662,15,10,1044.95,3,3,4,334
C11663,5,12,1132.9,5,4,4,544
C11664,3,11,896.5,5,4,3,543
C11665,10,7,734.3,4,1,2,412
C11666,3,8,914.2,5,2,3,523
C11667,2,13,1304.4,5,5,5,555
C11668,19,13,1125.55,3,5,4,354
C11669,34,13,1278.25,1,5,5,155
C11670,4,15,1427.65,5,5,5,555
C11671,14,16,1249.4,3,5,5,355
C11672,22,7,535.75,2,1,1,211
C11673,11,8,857.75,4,2,3,423
C11674,47,7,919.28,1,1,3,113
C11675,38,9,831.44,1,2,3,123
C11676,40,9,881.9,1,2,3,123
C11677,8,11,1058.79,4,4,4,444
C11678,18,12,1425.58,3,4,5,345
C11679,2,11,1364.9,5,4,5,545
C11680,73,6,427.8,1,1,1,111
C11681,72,9,1032.1,1,2,4,124
C11682,22,7,681.5699999999999,2,1,2,212
C11683,19,9,896.2,3,2,3,323
C11684,4,8,801.35,5,2,3,523
C11685,14,10,985.5,3,3,4,334
C11686,14,10,995.35,3,3,4,334
C11687,12,8,667.4,3,2,2,322
C11688,14,8,808.15,3,2,3,323
C11689,26,7,603.45,2,1,2,212
C11690,5,11,1437.43,5,4,5,545
C11691,2,12,1361.0,5,4,5,545
C11692,22,12,1371.1,2,4,5,245
C11693,9,13,1134.45,4,5,4,454
C11694,46,5,367.89,1,1,1,111
C11695,18,11,567.0,3,4,1,341
C11696,5,6,432.0,5,1,1,511
C11697,22,11,977.3,2,4,4,244
C11698,11,16,1364.7,4,5,5,455
C11699,2,13,1426.08,5,5,5,555
